timeStamp,elapsed,label,responseCode,responseMessage,threadName,dataType,success,failureMessage,bytes,sentBytes,grpThreads,allThreads,URL,Latency,IdleTime,Connect
1695064213900,1345,HTTP Request,200,OK,Thread  Evely 1-3,text,true,,179621,114,22,22,https://evaly.com.bd/,441,0,350
1695064214100,1248,HTTP Request,200,OK,Thread  Evely 1-6,text,true,,175913,114,23,23,https://evaly.com.bd/,239,0,150
1695064213834,1572,HTTP Request,200,OK,Thread  Evely 1-2,text,true,,179621,114,24,24,https://evaly.com.bd/,503,0,416
1695064213970,1572,HTTP Request,200,OK,Thread  Evely 1-4,text,true,,175913,114,26,26,https://evaly.com.bd/,367,0,280
1695064214028,1974,HTTP Request,200,OK,Thread  Evely 1-5,text,true,,175913,114,32,32,https://evaly.com.bd/,317,0,223
1695064213834,2180,HTTP Request,200,OK,Thread  Evely 1-1,text,true,,179621,114,33,33,https://evaly.com.bd/,508,0,416
1695064214251,3222,HTTP Request,200,OK,Thread  Evely 1-8,text,true,,179621,114,53,53,https://evaly.com.bd/,211,0,135
1695064214169,3727,HTTP Request,200,OK,Thread  Evely 1-7,text,true,,179621,114,59,59,https://evaly.com.bd/,221,0,144
1695064214523,3527,HTTP Request,200,OK,Thread  Evely 1-12,text,true,,175913,114,61,61,https://evaly.com.bd/,319,0,209
1695064215375,2809,HTTP Request,200,OK,Thread  Evely 1-24,text,true,,179621,114,63,63,https://evaly.com.bd/,336,0,216
1695064214594,4429,HTTP Request,200,OK,Thread  Evely 1-13,text,true,,175914,114,70,70,https://evaly.com.bd/,835,0,215
1695064215233,4609,HTTP Request,200,OK,Thread  Evely 1-22,text,true,,179621,114,70,70,https://evaly.com.bd/,325,0,211
1695064214310,6233,HTTP Request,200,OK,Thread  Evely 1-9,text,true,,175913,114,70,70,https://evaly.com.bd/,215,0,136
1695064214384,6713,HTTP Request,200,OK,Thread  Evely 1-10,text,true,,179621,114,70,70,https://evaly.com.bd/,426,0,131
1695064214807,6323,HTTP Request,200,OK,Thread  Evely 1-16,text,true,,175913,114,70,70,https://evaly.com.bd/,446,0,335
1695064214453,7400,HTTP Request,200,OK,Thread  Evely 1-11,text,true,,179621,114,70,70,https://evaly.com.bd/,508,0,399
1695064215162,7091,HTTP Request,200,OK,Thread  Evely 1-21,text,true,,179621,114,70,70,https://evaly.com.bd/,458,0,346
1695064214948,7385,HTTP Request,200,OK,Thread  Evely 1-18,text,true,,175913,114,70,70,https://evaly.com.bd/,313,0,202
1695064215348,6997,HTTP Request,200,OK,Thread  Evely 1-6,text,true,,179621,114,70,70,https://evaly.com.bd/,113,0,0
1695064216511,6025,HTTP Request,200,OK,Thread  Evely 1-40,text,true,,175913,114,70,70,https://evaly.com.bd/,323,0,212
1695064215444,7239,HTTP Request,200,OK,Thread  Evely 1-25,text,true,,179629,114,70,70,https://evaly.com.bd/,1175,0,661
1695064216003,6800,HTTP Request,200,OK,Thread  Evely 1-5,text,true,,175914,114,70,70,https://evaly.com.bd/,320,0,0
1695064216794,6518,HTTP Request,200,OK,Thread  Evely 1-44,text,true,,179621,114,70,70,https://evaly.com.bd/,519,0,208
1695064215089,8603,HTTP Request,200,OK,Thread  Evely 1-20,text,true,,179621,114,70,70,https://evaly.com.bd/,1185,0,726
1695064215247,8540,HTTP Request,200,OK,Thread  Evely 1-3,text,true,,175913,114,70,70,https://evaly.com.bd/,244,0,0
1695064215800,8028,HTTP Request,200,OK,Thread  Evely 1-30,text,true,,179621,114,70,70,https://evaly.com.bd/,512,0,208
1695064216297,7551,HTTP Request,200,OK,Thread  Evely 1-37,text,true,,179621,114,70,70,https://evaly.com.bd/,444,0,222
1695064216438,7474,HTTP Request,200,OK,Thread  Evely 1-39,text,true,,179621,114,70,70,https://evaly.com.bd/,334,0,220
1695064214667,9516,HTTP Request,200,OK,Thread  Evely 1-14,text,true,,179621,114,70,70,https://evaly.com.bd/,496,0,200
1695064215728,8824,HTTP Request,200,OK,Thread  Evely 1-29,text,true,,175913,114,70,70,https://evaly.com.bd/,1060,0,861
1695064215588,8992,HTTP Request,200,OK,Thread  Evely 1-27,text,true,,175913,114,70,70,https://evaly.com.bd/,456,0,350
1695064214878,9746,HTTP Request,200,OK,Thread  Evely 1-17,text,true,,175913,114,70,70,https://evaly.com.bd/,1617,0,1500
1695064215542,9207,HTTP Request,200,OK,Thread  Evely 1-4,text,true,,175913,114,70,70,https://evaly.com.bd/,316,0,0
1695064216014,8829,HTTP Request,200,OK,Thread  Evely 1-1,text,true,,179621,114,70,70,https://evaly.com.bd/,533,0,0
1695064215303,9571,HTTP Request,200,OK,Thread  Evely 1-23,text,true,,175913,114,70,70,https://evaly.com.bd/,1039,0,834
1695064216723,8153,HTTP Request,200,OK,Thread  Evely 1-43,text,true,,175914,114,70,70,https://evaly.com.bd/,735,0,624
1695064217473,7528,HTTP Request,200,OK,Thread  Evely 1-8,text,true,,179621,114,70,70,https://evaly.com.bd/,218,0,0
1695064215019,10265,HTTP Request,200,OK,Thread  Evely 1-19,text,true,,179621,114,70,70,https://evaly.com.bd/,593,0,199
1695064216937,8564,HTTP Request,200,OK,Thread  Evely 1-46,text,true,,175913,114,70,70,https://evaly.com.bd/,645,0,219
1695064218357,7167,HTTP Request,200,OK,Thread  Evely 1-66,text,true,,175927,114,70,70,https://evaly.com.bd/,319,0,203
1695064215942,9693,HTTP Request,200,OK,Thread  Evely 1-32,text,true,,179621,114,70,70,https://evaly.com.bd/,1335,0,933
1695064215871,10155,HTTP Request,200,OK,Thread  Evely 1-31,text,true,,175913,114,70,70,https://evaly.com.bd/,1992,0,1678
1695064216583,9481,HTTP Request,200,OK,Thread  Evely 1-41,text,true,,179627,114,70,70,https://evaly.com.bd/,588,0,457
1695064217290,8776,HTTP Request,200,OK,Thread  Evely 1-51,text,true,,179621,114,70,70,https://evaly.com.bd/,739,0,349
1695064218144,8234,HTTP Request,200,OK,Thread  Evely 1-63,text,true,,179621,114,70,70,https://evaly.com.bd/,1541,0,1239
1695064215659,10761,HTTP Request,200,OK,Thread  Evely 1-28,text,true,,179621,114,70,70,https://evaly.com.bd/,1708,0,870
1695064218074,8371,HTTP Request,200,OK,Thread  Evely 1-62,text,true,,179621,114,70,70,https://evaly.com.bd/,940,0,626
1695064217646,9079,HTTP Request,200,OK,Thread  Evely 1-56,text,true,,175913,114,70,70,https://evaly.com.bd/,1050,0,729
1695064217220,9534,HTTP Request,200,OK,Thread  Evely 1-50,text,true,,179621,114,70,70,https://evaly.com.bd/,1315,0,912
1695064217861,8940,HTTP Request,200,OK,Thread  Evely 1-59,text,true,,179622,114,70,70,https://evaly.com.bd/,3209,0,3000
1695064220544,6281,HTTP Request,200,OK,Thread  Evely 1-9,text,true,,179621,114,70,70,https://evaly.com.bd/,213,0,0
1695064217361,9500,HTTP Request,200,OK,Thread  Evely 1-52,text,true,,175913,114,70,70,https://evaly.com.bd/,739,0,632
1695064217931,9133,HTTP Request,200,OK,Thread  Evely 1-60,text,true,,175914,114,70,70,https://evaly.com.bd/,1072,0,869
1695064218498,8750,HTTP Request,200,OK,Thread  Evely 1-68,text,true,,179621,114,70,70,https://evaly.com.bd/,328,0,213
1695064219842,7589,HTTP Request,200,OK,Thread  Evely 1-22,text,true,,175919,114,70,70,https://evaly.com.bd/,106,0,0
1695064218215,9426,HTTP Request,200,OK,Thread  Evely 1-64,text,true,,175913,114,70,70,https://evaly.com.bd/,1300,0,871
1695064216083,11628,HTTP Request,200,OK,Thread  Evely 1-34,text,true,,179627,114,70,70,https://evaly.com.bd/,1596,0,1050
1695064216652,11209,HTTP Request,200,OK,Thread  Evely 1-42,text,true,,175913,114,70,70,https://evaly.com.bd/,862,0,345
1695064216865,11124,HTTP Request,200,OK,Thread  Evely 1-45,text,true,,179621,114,70,70,https://evaly.com.bd/,730,0,616
1695064218641,9514,HTTP Request,200,OK,Thread  Evely 1-70,text,true,,175913,114,70,70,https://evaly.com.bd/,1462,0,1017
1695064216368,11790,HTTP Request,200,OK,Thread  Evely 1-38,text,true,,175913,114,70,70,https://evaly.com.bd/,1162,0,964
1695064217431,10768,HTTP Request,200,OK,Thread  Evely 1-53,text,true,,175913,114,70,70,https://evaly.com.bd/,519,0,211
1695064217575,10661,HTTP Request,200,OK,Thread  Evely 1-55,text,true,,175913,114,70,70,https://evaly.com.bd/,1201,0,996
1695064217077,11187,HTTP Request,200,OK,Thread  Evely 1-48,text,true,,179621,114,70,70,https://evaly.com.bd/,322,0,210
1695064214735,13675,HTTP Request,200,OK,Thread  Evely 1-15,text,true,,175918,114,70,70,https://evaly.com.bd/,1038,0,836
1695064218050,10650,HTTP Request,200,OK,Thread  Evely 1-12,text,true,,175914,114,70,70,https://evaly.com.bd/,213,0,0
1695064218286,11186,HTTP Request,200,OK,Thread  Evely 1-65,text,true,,175913,114,70,70,https://evaly.com.bd/,3091,0,2885
1695064224624,5117,HTTP Request,200,OK,Thread  Evely 1-17,text,true,,175913,114,70,70,https://evaly.com.bd/,404,0,0
1695064222804,7078,HTTP Request,200,OK,Thread  Evely 1-5,text,true,,179621,114,70,70,https://evaly.com.bd/,112,0,0
1695064217897,12055,HTTP Request,200,OK,Thread  Evely 1-7,text,true,,175914,114,70,70,https://evaly.com.bd/,218,0,0
1695064221853,8175,HTTP Request,200,OK,Thread  Evely 1-11,text,true,,175913,114,70,70,https://evaly.com.bd/,531,0,0
1695064215516,14975,HTTP Request,200,OK,Thread  Evely 1-26,text,true,,175913,114,70,70,https://evaly.com.bd/,643,0,343
1695064217006,13597,HTTP Request,200,OK,Thread  Evely 1-47,text,true,,175913,114,70,70,https://evaly.com.bd/,2455,0,1661
1695064217152,13498,HTTP Request,200,OK,Thread  Evely 1-49,text,true,,179621,114,70,70,https://evaly.com.bd/,1144,0,943
1695064216013,14675,HTTP Request,200,OK,Thread  Evely 1-33,text,true,,179621,114,70,70,https://evaly.com.bd/,4523,0,1633
1695064223848,7051,HTTP Request,200,OK,Thread  Evely 1-37,text,true,,175913,114,70,70,https://evaly.com.bd/,223,0,0
1695064217790,13185,HTTP Request,200,OK,Thread  Evely 1-58,text,true,,179622,114,70,70,https://evaly.com.bd/,1243,0,688
1695064222537,8539,HTTP Request,200,OK,Thread  Evely 1-40,text,true,,179621,114,70,70,https://evaly.com.bd/,356,0,0
1695064223787,7842,HTTP Request,200,OK,Thread  Evely 1-3,text,true,,179622,114,70,70,https://evaly.com.bd/,971,0,0
1695064222345,9335,HTTP Request,200,OK,Thread  Evely 1-6,text,true,,175913,114,70,70,https://evaly.com.bd/,220,0,0
1695064215406,16518,HTTP Request,200,OK,Thread  Evely 1-2,text,true,,175913,114,70,70,https://evaly.com.bd/,117,0,0
1695064218184,13784,HTTP Request,200,OK,Thread  Evely 1-24,text,true,,175913,114,70,70,https://evaly.com.bd/,119,0,0
1695064222334,9805,HTTP Request,200,OK,Thread  Evely 1-18,text,true,,179622,114,70,70,https://evaly.com.bd/,215,0,0
1695064226378,6052,HTTP Request,200,OK,Thread  Evely 1-63,text,true,,175914,114,70,70,https://evaly.com.bd/,382,0,0
1695064224749,7841,HTTP Request,200,OK,Thread  Evely 1-4,text,true,,179622,114,70,70,https://evaly.com.bd/,224,0,0
1695064223692,9122,HTTP Request,200,OK,Thread  Evely 1-20,text,true,,179621,114,70,70,https://evaly.com.bd/,113,0,0
1695064221130,11855,HTTP Request,200,OK,Thread  Evely 1-16,text,true,,179621,114,70,70,https://evaly.com.bd/,118,0,0
1695064225502,7527,HTTP Request,200,OK,Thread  Evely 1-46,text,true,,179620,114,70,70,https://evaly.com.bd/,117,0,0
1695064226801,6286,HTTP Request,200,OK,Thread  Evely 1-59,text,true,,175913,114,70,70,https://evaly.com.bd/,218,0,0
1695064223829,9406,HTTP Request,200,OK,Thread  Evely 1-30,text,true,,175913,114,70,70,https://evaly.com.bd/,373,0,0
1695064224580,8808,HTTP Request,200,OK,Thread  Evely 1-27,text,true,,179621,114,70,70,https://evaly.com.bd/,543,0,0
1695064226066,7789,HTTP Request,200,OK,Thread  Evely 1-51,text,true,,175913,114,70,70,https://evaly.com.bd/,117,0,0
1695064216227,17710,HTTP Request,200,OK,Thread  Evely 1-36,text,true,,175914,114,70,70,https://evaly.com.bd/,1566,0,842
1695064227248,6733,HTTP Request,200,OK,Thread  Evely 1-68,text,true,,175913,114,70,70,https://evaly.com.bd/,218,0,0
1695064224875,9254,HTTP Request,200,OK,Thread  Evely 1-23,text,true,,175914,114,70,70,https://evaly.com.bd/,631,0,0
1695064222253,12059,HTTP Request,200,OK,Thread  Evely 1-21,text,true,,175920,114,70,70,https://evaly.com.bd/,626,0,0
1695064226064,8470,HTTP Request,200,OK,Thread  Evely 1-41,text,true,,179621,114,70,70,https://evaly.com.bd/,110,0,0
1695064221098,13490,HTTP Request,200,OK,Thread  Evely 1-10,text,true,,175913,114,70,70,https://evaly.com.bd/,355,0,0
1695064227862,6820,HTTP Request,200,OK,Thread  Evely 1-42,text,true,,179621,114,70,70,https://evaly.com.bd/,115,0,0
1695064225635,9139,HTTP Request,200,OK,Thread  Evely 1-32,text,true,,175913,114,70,70,https://evaly.com.bd/,119,0,0
1695064224552,10342,HTTP Request,200,OK,Thread  Evely 1-29,text,true,,175914,114,70,70,https://evaly.com.bd/,873,0,0
1695064219023,15887,HTTP Request,200,OK,Thread  Evely 1-13,text,true,,179628,114,70,70,https://evaly.com.bd/,384,0,0
1695064226725,8187,HTTP Request,200,OK,Thread  Evely 1-56,text,true,,179621,114,70,70,https://evaly.com.bd/,119,0,0
1695064226420,8612,HTTP Request,200,OK,Thread  Evely 1-28,text,true,,179621,114,70,70,https://evaly.com.bd/,210,0,0
1695064224183,10993,HTTP Request,200,OK,Thread  Evely 1-14,text,true,,179621,114,70,70,https://evaly.com.bd/,979,0,0
1695064224843,10638,HTTP Request,200,OK,Thread  Evely 1-1,text,true,,179621,114,70,70,https://evaly.com.bd/,347,0,0
1695064227712,7771,HTTP Request,200,OK,Thread  Evely 1-34,text,true,,179621,114,70,70,https://evaly.com.bd/,222,0,0
1695064223312,12302,HTTP Request,200,OK,Thread  Evely 1-44,text,true,,175914,114,70,70,https://evaly.com.bd/,205,0,0
1695064218428,17240,HTTP Request,200,OK,Thread  Evely 1-67,text,true,,175914,114,70,70,https://evaly.com.bd/,2822,0,2513
1695064226754,9062,HTTP Request,200,OK,Thread  Evely 1-50,text,true,,179621,114,70,70,https://evaly.com.bd/,232,0,0
1695064227990,7846,HTTP Request,200,OK,Thread  Evely 1-45,text,true,,179621,114,70,70,https://evaly.com.bd/,219,0,0
1695064226825,9040,HTTP Request,200,OK,Thread  Evely 1-9,text,true,,175919,114,70,70,https://evaly.com.bd/,1602,0,0
1695064228236,7865,HTTP Request,200,OK,Thread  Evely 1-55,text,true,,175913,114,70,70,https://evaly.com.bd/,213,0,0
1695064230688,5671,HTTP Request,200,OK,Thread  Evely 1-33,text,true,,175913,114,70,70,https://evaly.com.bd/,109,0,0
1695064227064,9400,HTTP Request,200,OK,Thread  Evely 1-60,text,true,,179626,114,70,70,https://evaly.com.bd/,2005,0,0
1695064225285,11366,HTTP Request,200,OK,Thread  Evely 1-19,text,true,,175913,114,70,70,https://evaly.com.bd/,798,0,0
1695064222683,13988,HTTP Request,200,OK,Thread  Evely 1-25,text,true,,175913,114,70,70,https://evaly.com.bd/,604,0,0
1695064226861,9853,HTTP Request,200,OK,Thread  Evely 1-52,text,true,,179621,114,70,70,https://evaly.com.bd/,213,0,0
1695064229953,6762,HTTP Request,200,OK,Thread  Evely 1-7,text,true,,175927,114,70,70,https://evaly.com.bd/,327,0,0
1695064228700,8316,HTTP Request,200,OK,Thread  Evely 1-12,text,true,,179621,114,70,70,https://evaly.com.bd/,115,0,0
1695064226446,10577,HTTP Request,200,OK,Thread  Evely 1-62,text,true,,175913,114,70,70,https://evaly.com.bd/,218,0,0
1695064232430,4623,HTTP Request,200,OK,Thread  Evely 1-63,text,true,,179622,114,70,70,https://evaly.com.bd/,632,0,0
1695064232986,4257,HTTP Request,200,OK,Thread  Evely 1-16,text,true,,175913,114,70,70,https://evaly.com.bd/,107,0,0
1695064228158,9120,HTTP Request,200,OK,Thread  Evely 1-38,text,true,,179622,114,70,70,https://evaly.com.bd/,989,0,0
1695064230900,6958,HTTP Request,200,OK,Thread  Evely 1-37,text,true,,179627,114,70,70,https://evaly.com.bd/,108,0,0
1695064229473,8434,HTTP Request,200,OK,Thread  Evely 1-65,text,true,,175920,114,70,70,https://evaly.com.bd/,218,0,0
1695064228155,9968,HTTP Request,200,OK,Thread  Evely 1-70,text,true,,175913,114,70,70,https://evaly.com.bd/,117,0,0
1695064231968,6238,HTTP Request,200,OK,Thread  Evely 1-24,text,true,,179621,114,70,70,https://evaly.com.bd/,110,0,0
1695064223912,14373,HTTP Request,200,OK,Thread  Evely 1-39,text,true,,179621,114,70,70,https://evaly.com.bd/,104,0,0
1695064229882,8469,HTTP Request,200,OK,Thread  Evely 1-5,text,true,,179621,114,70,70,https://evaly.com.bd/,488,0,0
1695064218002,20493,HTTP Request,200,OK,Thread  Evely 1-61,text,true,,179622,114,70,70,https://evaly.com.bd/,3545,0,635
1695064226026,12729,HTTP Request,200,OK,Thread  Evely 1-31,text,true,,175913,114,70,70,https://evaly.com.bd/,225,0,0
1695064231076,7880,HTTP Request,200,OK,Thread  Evely 1-40,text,true,,175923,114,70,70,https://evaly.com.bd/,952,0,0
1695064228410,10578,HTTP Request,200,OK,Thread  Evely 1-15,text,true,,175913,114,70,70,https://evaly.com.bd/,116,0,0
1695064233983,5051,HTTP Request,200,OK,Thread  Evely 1-68,text,true,,175913,114,70,70,https://evaly.com.bd/,223,0,0
1695064231924,7200,HTTP Request,200,OK,Thread  Evely 1-2,text,true,,175913,114,70,70,https://evaly.com.bd/,373,0,0
1695064234590,4944,HTTP Request,200,OK,Thread  Evely 1-10,text,true,,179621,114,70,70,https://evaly.com.bd/,115,0,0
1695064230030,9874,HTTP Request,200,OK,Thread  Evely 1-11,text,true,,179621,114,70,70,https://evaly.com.bd/,126,0,0
1695064227431,12476,HTTP Request,200,OK,Thread  Evely 1-22,text,true,,175913,114,70,70,https://evaly.com.bd/,116,0,0
1695064224876,15230,HTTP Request,200,OK,Thread  Evely 1-43,text,true,,179621,114,70,70,https://evaly.com.bd/,417,0,0
1695064227641,12761,HTTP Request,200,OK,Thread  Evely 1-64,text,true,,179627,114,70,70,https://evaly.com.bd/,1720,0,0
1695064225001,15533,HTTP Request,200,OK,Thread  Evely 1-8,text,true,,179631,114,70,70,https://evaly.com.bd/,941,0,0
1695064216155,24839,HTTP Request,200,OK,Thread  Evely 1-35,text,true,,175913,114,70,70,https://evaly.com.bd/,949,0,751
1695064230650,10644,HTTP Request,200,OK,Thread  Evely 1-49,text,true,,179621,114,70,70,https://evaly.com.bd/,1520,0,0
1695064228199,13203,HTTP Request,200,OK,Thread  Evely 1-53,text,true,,179621,114,70,70,https://evaly.com.bd/,630,0,0
1695064230603,10866,HTTP Request,200,OK,Thread  Evely 1-47,text,true,,175914,114,70,70,https://evaly.com.bd/,114,0,0
1695064235177,6357,HTTP Request,200,OK,Thread  Evely 1-14,text,true,,175913,114,70,70,https://evaly.com.bd/,477,0,0
1695064231680,9924,HTTP Request,200,OK,Thread  Evely 1-6,text,true,,175914,114,70,70,https://evaly.com.bd/,528,0,0
1695064231629,10186,HTTP Request,200,OK,Thread  Evely 1-3,text,true,,179621,114,70,70,https://evaly.com.bd/,117,0,0
1695064233087,8835,HTTP Request,200,OK,Thread  Evely 1-59,text,true,,175913,114,70,70,https://evaly.com.bd/,670,0,0
1695064228264,13962,HTTP Request,200,OK,Thread  Evely 1-48,text,true,,179621,114,70,70,https://evaly.com.bd/,114,0,0
1695064232814,9432,HTTP Request,200,OK,Thread  Evely 1-20,text,true,,179621,114,70,70,https://evaly.com.bd/,221,0,0
1695064232139,10209,HTTP Request,200,OK,Thread  Evely 1-18,text,true,,175913,114,70,70,https://evaly.com.bd/,118,0,0
1695064234130,8461,HTTP Request,200,OK,Thread  Evely 1-23,text,true,,175913,114,70,70,https://evaly.com.bd/,121,0,0
1695064233235,9531,HTTP Request,200,OK,Thread  Evely 1-30,text,true,,179621,114,70,70,https://evaly.com.bd/,213,0,0
1695064233856,9004,HTTP Request,200,OK,Thread  Evely 1-51,text,true,,175913,114,70,70,https://evaly.com.bd/,123,0,0
1695064234535,8485,HTTP Request,200,OK,Thread  Evely 1-41,text,true,,175913,114,70,70,https://evaly.com.bd/,475,0,0
1695064232590,10432,HTTP Request,200,OK,Thread  Evely 1-4,text,true,,175913,114,70,70,https://evaly.com.bd/,1575,0,0
1695064236360,6956,HTTP Request,200,OK,Thread  Evely 1-33,text,true,,175913,114,70,70,https://evaly.com.bd/,209,0,0
1695064235484,8075,HTTP Request,200,OK,Thread  Evely 1-34,text,true,,179620,114,70,70,https://evaly.com.bd/,140,0,0
1695064234895,8705,HTTP Request,200,OK,Thread  Evely 1-29,text,true,,175913,114,70,70,https://evaly.com.bd/,550,0,0
1695064235033,8596,HTTP Request,200,OK,Thread  Evely 1-28,text,true,,175913,114,70,70,https://evaly.com.bd/,213,0,0
1695064225524,18120,HTTP Request,200,OK,Thread  Evely 1-66,text,true,,179621,114,70,70,https://evaly.com.bd/,209,0,0
1695064234314,9379,HTTP Request,200,OK,Thread  Evely 1-21,text,true,,179621,114,70,70,https://evaly.com.bd/,113,0,0
1695064236673,7332,HTTP Request,200,OK,Thread  Evely 1-25,text,true,,179621,114,70,70,https://evaly.com.bd/,118,0,0
1695064233938,10074,HTTP Request,200,OK,Thread  Evely 1-36,text,true,,179621,114,70,70,https://evaly.com.bd/,561,0,0
1695064238287,5763,HTTP Request,200,OK,Thread  Evely 1-39,text,true,,179621,114,70,70,https://evaly.com.bd/,221,0,0
1695064230492,13914,HTTP Request,200,OK,Thread  Evely 1-26,text,true,,175913,114,70,70,https://evaly.com.bd/,119,0,0
1695064237245,7179,HTTP Request,200,OK,Thread  Evely 1-16,text,true,,179621,114,70,70,https://evaly.com.bd/,887,0,0
1695064235669,8833,HTTP Request,200,OK,Thread  Evely 1-67,text,true,,175913,114,70,70,https://evaly.com.bd/,213,0,0
1695064235866,8694,HTTP Request,200,OK,Thread  Evely 1-9,text,true,,179627,114,70,70,https://evaly.com.bd/,201,0,0
1695064237024,7567,HTTP Request,200,OK,Thread  Evely 1-62,text,true,,179622,114,70,70,https://evaly.com.bd/,715,0,0
1695064233388,11437,HTTP Request,200,OK,Thread  Evely 1-27,text,true,,175913,114,70,70,https://evaly.com.bd/,225,0,0
1695064238352,6594,HTTP Request,200,OK,Thread  Evely 1-5,text,true,,175914,114,70,70,https://evaly.com.bd/,121,0,0
1695064234913,10088,HTTP Request,200,OK,Thread  Evely 1-56,text,true,,175914,114,69,69,https://evaly.com.bd/,714,0,0
1695064234683,10510,HTTP Request,200,OK,Thread  Evely 1-42,text,true,,175913,114,69,69,https://evaly.com.bd/,121,0,0
1695064236716,8719,HTTP Request,200,OK,Thread  Evely 1-7,text,true,,179621,114,69,69,https://evaly.com.bd/,215,0,0
1695064235483,9989,HTTP Request,200,OK,Thread  Evely 1-1,text,true,,175913,114,69,69,https://evaly.com.bd/,543,0,0
1695064238756,6813,HTTP Request,200,OK,Thread  Evely 1-31,text,true,,175913,114,69,69,https://evaly.com.bd/,117,0,0
1695064237017,8648,HTTP Request,200,OK,Thread  Evely 1-12,text,true,,175931,114,69,69,https://evaly.com.bd/,140,0,0
1695064236466,9333,HTTP Request,200,OK,Thread  Evely 1-60,text,true,,179621,114,69,69,https://evaly.com.bd/,572,0,0
1695064237055,8783,HTTP Request,200,OK,Thread  Evely 1-63,text,true,,175913,114,69,69,https://evaly.com.bd/,119,0,0
1695064235837,10179,HTTP Request,200,OK,Thread  Evely 1-45,text,true,,179627,114,69,69,https://evaly.com.bd/,143,0,0
1695064235817,10459,HTTP Request,200,OK,Thread  Evely 1-50,text,true,,175913,114,69,69,https://evaly.com.bd/,385,0,0
1695064239907,6745,HTTP Request,200,OK,Thread  Evely 1-22,text,true,,179621,114,69,69,https://evaly.com.bd/,214,0,0
1695064234775,11913,HTTP Request,200,OK,Thread  Evely 1-32,text,true,,179621,114,69,69,https://evaly.com.bd/,215,0,0
1695064238957,7791,HTTP Request,200,OK,Thread  Evely 1-40,text,true,,175921,114,69,69,https://evaly.com.bd/,216,0,0
1695064238989,7992,HTTP Request,200,OK,Thread  Evely 1-15,text,true,,175913,114,69,69,https://evaly.com.bd/,210,0,0
1695064237908,9470,HTTP Request,200,OK,Thread  Evely 1-65,text,true,,179621,114,69,69,https://evaly.com.bd/,210,0,0
1695064230975,16422,HTTP Request,200,OK,Thread  Evely 1-58,text,true,,175913,114,69,69,https://evaly.com.bd/,316,0,0
1695064238496,8940,HTTP Request,200,OK,Thread  Evely 1-61,text,true,,175913,114,69,69,https://evaly.com.bd/,212,0,0
1695064236103,11450,HTTP Request,200,OK,Thread  Evely 1-55,text,true,,179621,114,69,69,https://evaly.com.bd/,207,0,0
1695064238208,9523,HTTP Request,200,OK,Thread  Evely 1-24,text,true,,175913,114,69,69,https://evaly.com.bd/,214,0,0
1695064240534,7251,HTTP Request,200,OK,Thread  Evely 1-8,text,true,,179621,114,69,69,https://evaly.com.bd/,223,0,0
1695064233029,14792,HTTP Request,200,OK,Thread  Evely 1-46,text,true,,179621,114,69,69,https://evaly.com.bd/,214,0,0
1695064239033,9257,HTTP Request,200,OK,Thread  Evely 1-68,text,true,,179621,114,69,69,https://evaly.com.bd/,336,0,0
1695064239904,8724,HTTP Request,200,OK,Thread  Evely 1-11,text,true,,175913,114,69,69,https://evaly.com.bd/,203,0,0
1695064217719,30936,HTTP Request,200,OK,Thread  Evely 1-57,text,true,,179622,114,69,69,https://evaly.com.bd/,327,0,211
1695064244050,5105,HTTP Request,200,OK,Thread  Evely 1-39,text,true,,175913,114,69,69,https://evaly.com.bd/,487,0,0
1695064237279,12310,HTTP Request,200,OK,Thread  Evely 1-38,text,true,,179621,114,69,69,https://evaly.com.bd/,538,0,0
1695064240106,9688,HTTP Request,200,OK,Thread  Evely 1-43,text,true,,175913,114,69,69,https://evaly.com.bd/,459,0,0
1695064244592,5472,HTTP Request,200,OK,Thread  Evely 1-62,text,true,,179621,114,69,69,https://evaly.com.bd/,361,0,0
1695064235615,14577,HTTP Request,200,OK,Thread  Evely 1-44,text,true,,175918,114,69,69,https://evaly.com.bd/,325,0,0
1695064241815,8389,HTTP Request,200,OK,Thread  Evely 1-3,text,true,,179631,114,69,69,https://evaly.com.bd/,245,0,0
1695064217503,32716,HTTP Request,200,OK,Thread  Evely 1-54,text,true,,179621,114,68,68,https://evaly.com.bd/,1343,0,986
1695064241402,8832,HTTP Request,200,OK,Thread  Evely 1-53,text,true,,179621,114,68,68,https://evaly.com.bd/,465,0,0
1695064240994,9258,HTTP Request,200,OK,Thread  Evely 1-35,text,true,,179621,114,68,68,https://evaly.com.bd/,172,0,0
1695064242767,7580,HTTP Request,200,OK,Thread  Evely 1-30,text,true,,175913,114,68,68,https://evaly.com.bd/,541,0,0
1695064243599,6923,HTTP Request,200,OK,Thread  Evely 1-29,text,true,,175912,114,68,68,https://evaly.com.bd/,109,0,0
1695064243019,7595,HTTP Request,200,OK,Thread  Evely 1-41,text,true,,175913,114,68,68,https://evaly.com.bd/,115,0,0
1695064236652,14056,HTTP Request,200,OK,Thread  Evely 1-19,text,true,,175913,114,68,68,https://evaly.com.bd/,105,0,0
1695064234911,15854,HTTP Request,200,OK,Thread  Evely 1-13,text,true,,179621,114,68,68,https://evaly.com.bd/,601,0,0
1695064243692,7108,HTTP Request,200,OK,Thread  Evely 1-21,text,true,,175913,114,68,68,https://evaly.com.bd/,214,0,0
1695064241294,9538,HTTP Request,200,OK,Thread  Evely 1-49,text,true,,175913,114,68,68,https://evaly.com.bd/,116,0,0
1695064241533,9577,HTTP Request,200,OK,Thread  Evely 1-14,text,true,,179621,114,68,68,https://evaly.com.bd/,116,0,0
1695064240402,11084,HTTP Request,200,OK,Thread  Evely 1-64,text,true,,175913,114,68,68,https://evaly.com.bd/,214,0,0
1695064244424,7070,HTTP Request,200,OK,Thread  Evely 1-16,text,true,,179621,114,68,68,https://evaly.com.bd/,112,0,0
1695064242590,8970,HTTP Request,200,OK,Thread  Evely 1-23,text,true,,179621,114,67,67,https://evaly.com.bd/,215,0,0
1695064242860,8774,HTTP Request,200,OK,Thread  Evely 1-51,text,true,,179621,114,67,67,https://evaly.com.bd/,116,0,0
1695064242246,9457,HTTP Request,200,OK,Thread  Evely 1-20,text,true,,175918,114,67,67,https://evaly.com.bd/,556,0,0
1695064243315,8494,HTTP Request,200,OK,Thread  Evely 1-33,text,true,,175914,114,67,67,https://evaly.com.bd/,214,0,0
1695064245193,6880,HTTP Request,200,OK,Thread  Evely 1-42,text,true,,179621,114,67,67,https://evaly.com.bd/,218,0,0
1695064239124,13223,HTTP Request,200,OK,Thread  Evely 1-2,text,true,,179621,114,67,67,https://evaly.com.bd/,113,0,0
1695064244560,7799,HTTP Request,200,OK,Thread  Evely 1-9,text,true,,175913,114,67,67,https://evaly.com.bd/,122,0,0
1695064237859,14728,HTTP Request,200,OK,Thread  Evely 1-37,text,true,,175913,114,66,66,https://evaly.com.bd/,490,0,0
1695064242227,10782,HTTP Request,200,OK,Thread  Evely 1-48,text,true,,179621,114,66,66,https://evaly.com.bd/,221,0,0
1695064243645,9373,HTTP Request,200,OK,Thread  Evely 1-66,text,true,,175913,114,66,66,https://evaly.com.bd/,111,0,0
1695064245472,7607,HTTP Request,200,OK,Thread  Evely 1-1,text,true,,179621,114,66,66,https://evaly.com.bd/,111,0,0
1695064244012,9088,HTTP Request,200,OK,Thread  Evely 1-36,text,true,,175913,114,65,65,https://evaly.com.bd/,1887,0,0
1695064243558,9800,HTTP Request,200,OK,Thread  Evely 1-34,text,true,,179621,114,65,65,https://evaly.com.bd/,122,0,0
1695064245001,8359,HTTP Request,200,OK,Thread  Evely 1-56,text,true,,175913,114,65,65,https://evaly.com.bd/,1031,0,0
1695064245569,7792,HTTP Request,200,OK,Thread  Evely 1-31,text,true,,179625,114,65,65,https://evaly.com.bd/,114,0,0
1695064242348,11042,HTTP Request,200,OK,Thread  Evely 1-18,text,true,,179627,114,65,65,https://evaly.com.bd/,111,0,0
1695064245665,7743,HTTP Request,200,OK,Thread  Evely 1-12,text,true,,175919,114,65,65,https://evaly.com.bd/,471,0,0
1695064241922,11568,HTTP Request,200,OK,Thread  Evely 1-59,text,true,,175913,114,64,64,https://evaly.com.bd/,3402,0,0
1695064241604,11939,HTTP Request,200,OK,Thread  Evely 1-6,text,true,,175913,114,64,64,https://evaly.com.bd/,1815,0,0
1695064243628,9933,HTTP Request,200,OK,Thread  Evely 1-28,text,true,,179621,114,63,63,https://evaly.com.bd/,218,0,0
1695064246276,7395,HTTP Request,200,OK,Thread  Evely 1-50,text,true,,179621,114,63,63,https://evaly.com.bd/,315,0,0
1695064244005,10196,HTTP Request,200,OK,Thread  Evely 1-25,text,true,,179621,114,63,63,https://evaly.com.bd/,117,0,0
1695064241469,12758,HTTP Request,200,OK,Thread  Evely 1-47,text,true,,175913,114,63,63,https://evaly.com.bd/,217,0,0
1695064245800,8494,HTTP Request,200,OK,Thread  Evely 1-60,text,true,,175918,114,63,63,https://evaly.com.bd/,324,0,0
1695064246749,7987,HTTP Request,200,OK,Thread  Evely 1-40,text,true,,179620,114,63,63,https://evaly.com.bd/,327,0,0
1695064247378,7399,HTTP Request,200,OK,Thread  Evely 1-65,text,true,,175914,114,62,62,https://evaly.com.bd/,107,0,0
1695064239533,15316,HTTP Request,200,OK,Thread  Evely 1-10,text,true,,179621,114,62,62,https://evaly.com.bd/,1594,0,0
1695064245838,9026,HTTP Request,200,OK,Thread  Evely 1-63,text,true,,175913,114,62,62,https://evaly.com.bd/,124,0,0
1695064247553,7358,HTTP Request,200,OK,Thread  Evely 1-55,text,true,,179621,114,61,61,https://evaly.com.bd/,812,0,0
1695064244502,10448,HTTP Request,200,OK,Thread  Evely 1-67,text,true,,175913,114,61,61,https://evaly.com.bd/,219,0,0
1695064236715,18251,HTTP Request,200,OK,Thread  Evely 1-52,text,true,,175914,114,61,61,https://evaly.com.bd/,105,0,0
1695064247398,7571,HTTP Request,200,OK,Thread  Evely 1-58,text,true,,179621,114,61,61,https://evaly.com.bd/,211,0,0
1695064243022,11956,HTTP Request,200,OK,Thread  Evely 1-4,text,true,,179621,114,61,61,https://evaly.com.bd/,740,0,0
1695064247436,8757,HTTP Request,200,OK,Thread  Evely 1-61,text,true,,175920,114,60,60,https://evaly.com.bd/,220,0,0
1695064249155,7177,HTTP Request,200,OK,Thread  Evely 1-39,text,true,,179621,114,60,60,https://evaly.com.bd/,378,0,0
1695064246689,9681,HTTP Request,200,OK,Thread  Evely 1-32,text,true,,175913,114,59,59,https://evaly.com.bd/,213,0,0
1695064248657,7777,HTTP Request,200,OK,Thread  Evely 1-57,text,true,,175913,114,59,59,https://evaly.com.bd/,1149,0,0
1695064250833,5862,HTTP Request,200,OK,Thread  Evely 1-49,text,true,,179621,114,59,59,https://evaly.com.bd/,320,0,0
1695064244407,12330,HTTP Request,200,OK,Thread  Evely 1-26,text,true,,179621,114,59,59,https://evaly.com.bd/,469,0,0
1695064245436,11307,HTTP Request,200,OK,Thread  Evely 1-7,text,true,,179628,114,59,59,https://evaly.com.bd/,115,0,0
1695064238124,18922,HTTP Request,200,OK,Thread  Evely 1-70,text,true,,175913,114,58,58,https://evaly.com.bd/,1093,0,0
1695064246983,10343,HTTP Request,200,OK,Thread  Evely 1-15,text,true,,179621,114,58,58,https://evaly.com.bd/,352,0,0
1695064250253,7462,HTTP Request,200,OK,Thread  Evely 1-35,text,true,,175920,114,58,58,https://evaly.com.bd/,116,0,0
1695064244826,13001,HTTP Request,200,OK,Thread  Evely 1-27,text,true,,175913,114,58,58,https://evaly.com.bd/,2898,0,0
1695064250615,7253,HTTP Request,200,OK,Thread  Evely 1-41,text,true,,175913,114,58,58,https://evaly.com.bd/,250,0,0
1695064250192,7726,HTTP Request,200,OK,Thread  Evely 1-44,text,true,,175933,114,57,57,https://evaly.com.bd/,107,0,0
1695064251704,6361,HTTP Request,200,OK,Thread  Evely 1-20,text,true,,175913,114,57,57,https://evaly.com.bd/,110,0,0
1695064248629,9543,HTTP Request,200,OK,Thread  Evely 1-11,text,true,,179621,114,56,56,https://evaly.com.bd/,789,0,0
1695064253361,4985,HTTP Request,200,OK,Thread  Evely 1-31,text,true,,179622,114,55,55,https://evaly.com.bd/,910,0,0
1695064247787,10594,HTTP Request,200,OK,Thread  Evely 1-8,text,true,,179621,114,54,54,https://evaly.com.bd/,897,0,0
1695064247731,10811,HTTP Request,200,OK,Thread  Evely 1-24,text,true,,175920,114,53,53,https://evaly.com.bd/,111,0,0
1695064251635,6938,HTTP Request,200,OK,Thread  Evely 1-51,text,true,,179621,114,52,52,https://evaly.com.bd/,783,0,0
1695064247822,10774,HTTP Request,200,OK,Thread  Evely 1-46,text,true,,175913,114,51,51,https://evaly.com.bd/,113,0,0
1695064250801,8009,HTTP Request,200,OK,Thread  Evely 1-21,text,true,,175913,114,51,51,https://evaly.com.bd/,310,0,0
1695064253562,5372,HTTP Request,200,OK,Thread  Evely 1-28,text,true,,179621,114,50,50,https://evaly.com.bd/,113,0,0
1695064249795,9312,HTTP Request,200,OK,Thread  Evely 1-43,text,true,,179621,114,49,49,https://evaly.com.bd/,645,0,0
1695064250708,8439,HTTP Request,200,OK,Thread  Evely 1-19,text,true,,179621,114,49,49,https://evaly.com.bd/,113,0,0
1695064254965,4340,HTTP Request,200,OK,Thread  Evely 1-52,text,true,,179621,114,49,49,https://evaly.com.bd/,107,0,0
1695064252588,6731,HTTP Request,200,OK,Thread  Evely 1-37,text,true,,179622,114,49,49,https://evaly.com.bd/,115,0,0
1695064253672,5826,HTTP Request,200,OK,Thread  Evely 1-50,text,true,,175913,114,48,48,https://evaly.com.bd/,320,0,0
1695064229741,29877,HTTP Request,200,OK,Thread  Evely 1-17,text,true,,175913,114,47,47,https://evaly.com.bd/,117,0,0
1695064250348,9321,HTTP Request,200,OK,Thread  Evely 1-30,text,true,,175913,114,47,47,https://evaly.com.bd/,121,0,0
1695064251112,8606,HTTP Request,200,OK,Thread  Evely 1-14,text,true,,175913,114,46,46,https://evaly.com.bd/,114,0,0
1695064252073,7686,HTTP Request,200,OK,Thread  Evely 1-42,text,true,,175913,114,45,45,https://evaly.com.bd/,326,0,0
1695064246653,13119,HTTP Request,200,OK,Thread  Evely 1-22,text,true,,175913,114,44,44,https://evaly.com.bd/,117,0,0
1695064246016,14059,HTTP Request,200,OK,Thread  Evely 1-45,text,true,,179621,114,43,43,https://evaly.com.bd/,415,0,0
1695064253100,6995,HTTP Request,200,OK,Thread  Evely 1-36,text,true,,175914,114,43,43,https://evaly.com.bd/,561,0,0
1695064250523,9805,HTTP Request,200,OK,Thread  Evely 1-29,text,true,,179627,114,43,43,https://evaly.com.bd/,455,0,0
1695064253010,7444,HTTP Request,200,OK,Thread  Evely 1-48,text,true,,175913,114,42,42,https://evaly.com.bd/,206,0,0
1695064248291,12320,HTTP Request,200,OK,Thread  Evely 1-68,text,true,,179626,114,42,42,https://evaly.com.bd/,477,0,0
1695064254968,5744,HTTP Request,200,OK,Thread  Evely 1-58,text,true,,175913,114,41,41,https://evaly.com.bd/,353,0,0
1695064250064,10686,HTTP Request,200,OK,Thread  Evely 1-62,text,true,,175913,114,41,41,https://evaly.com.bd/,492,0,0
1695064254849,5944,HTTP Request,200,OK,Thread  Evely 1-10,text,true,,175921,114,40,40,https://evaly.com.bd/,210,0,0
1695064251810,9004,HTTP Request,200,OK,Thread  Evely 1-33,text,true,,179621,114,39,39,https://evaly.com.bd/,113,0,0
1695064254294,6532,HTTP Request,200,OK,Thread  Evely 1-60,text,true,,175927,114,38,38,https://evaly.com.bd/,119,0,0
1695064250220,10663,HTTP Request,200,OK,Thread  Evely 1-54,text,true,,175913,114,37,37,https://evaly.com.bd/,213,0,0
1695064254910,6004,HTTP Request,200,OK,Thread  Evely 1-55,text,true,,175919,114,37,37,https://evaly.com.bd/,112,0,0
1695064254227,6714,HTTP Request,200,OK,Thread  Evely 1-47,text,true,,175913,114,36,36,https://evaly.com.bd/,206,0,0
1695064254201,6813,HTTP Request,200,OK,Thread  Evely 1-25,text,true,,179621,114,36,36,https://evaly.com.bd/,109,0,0
1695064251487,9532,HTTP Request,200,OK,Thread  Evely 1-64,text,true,,175912,114,35,35,https://evaly.com.bd/,122,0,0
1695064250765,10338,HTTP Request,200,OK,Thread  Evely 1-13,text,true,,175933,114,35,35,https://evaly.com.bd/,576,0,0
1695064252349,8771,HTTP Request,200,OK,Thread  Evely 1-2,text,true,,175913,114,35,35,https://evaly.com.bd/,392,0,0
1695064251562,9565,HTTP Request,200,OK,Thread  Evely 1-23,text,true,,179622,114,34,34,https://evaly.com.bd/,116,0,0
1695064256694,4462,HTTP Request,200,OK,Thread  Evely 1-49,text,true,,179621,114,33,33,https://evaly.com.bd/,113,0,0
1695064250235,11083,HTTP Request,200,OK,Thread  Evely 1-53,text,true,,179621,114,32,32,https://evaly.com.bd/,215,0,0
1695064253491,7846,HTTP Request,200,OK,Thread  Evely 1-59,text,true,,179621,114,32,32,https://evaly.com.bd/,119,0,0
1695064257827,3538,HTTP Request,200,OK,Thread  Evely 1-27,text,true,,175919,114,31,31,https://evaly.com.bd/,202,0,0
1695064254777,6823,HTTP Request,200,OK,Thread  Evely 1-65,text,true,,179621,114,30,30,https://evaly.com.bd/,320,0,0
1695064253359,8331,HTTP Request,200,OK,Thread  Evely 1-34,text,true,,179621,114,29,29,https://evaly.com.bd/,383,0,0
1695064257046,4727,HTTP Request,200,OK,Thread  Evely 1-70,text,true,,175919,114,28,28,https://evaly.com.bd/,115,0,0
1695064253360,8585,HTTP Request,200,OK,Thread  Evely 1-56,text,true,,175913,114,28,28,https://evaly.com.bd/,115,0,0
1695064257326,4719,HTTP Request,200,OK,Thread  Evely 1-15,text,true,,179628,114,27,27,https://evaly.com.bd/,112,0,0
1695064254949,7306,HTTP Request,200,OK,Thread  Evely 1-67,text,true,,179621,114,26,26,https://evaly.com.bd/,541,0,0
1695064253019,9258,HTTP Request,200,OK,Thread  Evely 1-66,text,true,,175913,114,26,26,https://evaly.com.bd/,203,0,0
1695064257714,4568,HTTP Request,200,OK,Thread  Evely 1-35,text,true,,175913,114,26,26,https://evaly.com.bd/,921,0,0
1695064260094,2228,HTTP Request,200,OK,Thread  Evely 1-36,text,true,,175913,114,26,26,https://evaly.com.bd/,92,0,0
1695064256433,6028,HTTP Request,200,OK,Thread  Evely 1-57,text,true,,175919,114,25,25,https://evaly.com.bd/,220,0,0
1695064259146,3464,HTTP Request,200,OK,Thread  Evely 1-19,text,true,,179621,114,25,25,https://evaly.com.bd/,358,0,0
1695064253391,9300,HTTP Request,200,OK,Thread  Evely 1-18,text,true,,175926,114,24,24,https://evaly.com.bd/,115,0,0
1695064256369,6335,HTTP Request,200,OK,Thread  Evely 1-32,text,true,,179621,114,23,23,https://evaly.com.bd/,215,0,0
1695064256192,6539,HTTP Request,200,OK,Thread  Evely 1-61,text,true,,175913,114,22,22,https://evaly.com.bd/,642,0,0
1695064259106,3917,HTTP Request,200,OK,Thread  Evely 1-43,text,true,,179621,114,22,22,https://evaly.com.bd/,114,0,0
1695064256736,6468,HTTP Request,200,OK,Thread  Evely 1-26,text,true,,175913,114,21,21,https://evaly.com.bd/,227,0,0
1695064258595,4663,HTTP Request,200,OK,Thread  Evely 1-46,text,true,,175913,114,21,21,https://evaly.com.bd/,114,0,0
1695064259618,3690,HTTP Request,200,OK,Thread  Evely 1-17,text,true,,179621,114,20,20,https://evaly.com.bd/,117,0,0
1695064261773,1760,HTTP Request,200,OK,Thread  Evely 1-70,text,true,,179627,114,20,20,https://evaly.com.bd/,105,0,0
1695064260453,3191,HTTP Request,200,OK,Thread  Evely 1-48,text,true,,179621,114,19,19,https://evaly.com.bd/,963,0,0
1695064257917,5771,HTTP Request,200,OK,Thread  Evely 1-44,text,true,,179626,114,18,18,https://evaly.com.bd/,1725,0,0
1695064259305,4479,HTTP Request,200,OK,Thread  Evely 1-52,text,true,,175913,114,17,17,https://evaly.com.bd/,315,0,0
1695064261102,2820,HTTP Request,200,OK,Thread  Evely 1-13,text,true,,175913,114,16,16,https://evaly.com.bd/,125,0,0
1695064260712,3210,HTTP Request,200,OK,Thread  Evely 1-58,text,true,,175913,114,16,16,https://evaly.com.bd/,460,0,0
1695064260075,4000,HTTP Request,200,OK,Thread  Evely 1-45,text,true,,179621,114,14,14,https://evaly.com.bd/,538,0,0
1695064262731,1381,HTTP Request,200,OK,Thread  Evely 1-61,text,true,,175913,114,13,13,https://evaly.com.bd/,102,0,0
1695064260883,3334,HTTP Request,200,OK,Thread  Evely 1-54,text,true,,175920,114,12,12,https://evaly.com.bd/,503,0,0
1695064261318,3123,HTTP Request,200,OK,Thread  Evely 1-53,text,true,,175918,114,12,12,https://evaly.com.bd/,113,0,0
1695064261019,3485,HTTP Request,200,OK,Thread  Evely 1-64,text,true,,179621,114,11,11,https://evaly.com.bd/,346,0,0
1695064262282,2248,HTTP Request,200,OK,Thread  Evely 1-35,text,true,,175913,114,10,10,https://evaly.com.bd/,451,0,0
1695064262462,2249,HTTP Request,200,OK,Thread  Evely 1-57,text,true,,179622,114,9,9,https://evaly.com.bd/,98,0,0
1695064263204,1536,HTTP Request,200,OK,Thread  Evely 1-26,text,true,,175931,114,9,9,https://evaly.com.bd/,108,0,0
1695064262255,2499,HTTP Request,200,OK,Thread  Evely 1-67,text,true,,179621,114,8,8,https://evaly.com.bd/,92,0,0
1695064260941,3896,HTTP Request,200,OK,Thread  Evely 1-47,text,true,,179627,114,7,7,https://evaly.com.bd/,212,0,0
1695064262276,2601,HTTP Request,200,OK,Thread  Evely 1-66,text,true,,179622,114,6,6,https://evaly.com.bd/,114,0,0
1695064263309,1802,HTTP Request,200,OK,Thread  Evely 1-17,text,true,,179621,114,5,5,https://evaly.com.bd/,116,0,0
1695064264217,1091,HTTP Request,200,OK,Thread  Evely 1-54,text,true,,179621,114,4,4,https://evaly.com.bd/,95,0,0
1695064249590,15732,HTTP Request,200,OK,Thread  Evely 1-38,text,true,,179621,114,4,4,https://evaly.com.bd/,109,0,0
1695064218570,46762,HTTP Request,200,OK,Thread  Evely 1-69,text,true,,179621,114,4,4,https://evaly.com.bd/,775,0,448
1695064264711,745,HTTP Request,200,OK,Thread  Evely 1-57,text,true,,175916,114,4,4,https://evaly.com.bd/,75,0,0
1695064265308,579,HTTP Request,200,OK,Thread  Evely 1-54,text,true,,179621,114,3,3,https://evaly.com.bd/,74,0,0
1695064265321,805,HTTP Request,200,OK,Thread  Evely 1-38,text,true,,179622,114,2,2,https://evaly.com.bd/,78,0,0
1695064265332,919,HTTP Request,200,OK,Thread  Evely 1-69,text,true,,179622,114,1,1,https://evaly.com.bd/,78,0,0
1695064266251,711,HTTP Request,200,OK,Thread  Evely 1-69,text,true,,179621,114,1,1,https://evaly.com.bd/,78,0,0
1695064266962,559,HTTP Request,200,OK,Thread  Evely 1-69,text,true,,179621,114,1,1,https://evaly.com.bd/,84,0,0
1695064267521,495,HTTP Request,200,OK,Thread  Evely 1-69,text,true,,179621,114,1,1,https://evaly.com.bd/,78,0,0
